txid	height	timestamp	amount_atomic	new_address	new_amount_atomic	new_txid	status
7656f3fb4fdb04b272491f9b47ae6cf9a25e3a6b22baed401440ab601bf30a00	1776119	1772577325	10000	XEQTJ5NTrvvJW9bE2YMWPLCjCjmk1f9tWXYtJaAecmNxXnFrwDsvcJrj6h1Y59geABJHDfpZm9pz5jQ2NNp3j3TX6r8aV6dimq	1000000000		1
dfef2ea4989d4074a0bdbd1e66002ff555297704aa45c7ac60a9322cda28363f	1776139	1772580225	10000	XEQT7zC8pB99aeqC9r9miofQFkr7EggwnFsivZMvhQwzHdcZ8FrgvoXSEpXZojPwaU2vbGtxqgTzc8wt3e2z9fwL44B7FZPxxc	1000000000		1
7f9d0ef950d6135c546631ce3509ccf48382b6182c0e2a70ebcd735b7467002e	1776300	1772599630	10000	XEQTJ5NTrvvJW9bE2YMWPLCjCjmk1f9tWXYtJaAecmNxXnFrwDsvcJrj6h1Y59geABJHDfpZm9pz5jQ2NNp3j3TX6r8aV6dimq	1000000000		1
ff12c034bf902e6fddbe3c724e59cdf94c5371b0e8b9d3f734bed3ddb31b473e	1776344	1772604599	11040	XEQTafzp6StA8YJrEbWX38CjWhLVQsqRJ1P85n1t9NDjAfFxqXSYNWxMwjEz9SdHuRPg3mhszf5BRTKCdahNeuwa6FjnAHzWUW	1104000000		1
08b3137f168ffc031f42162b980bf770504244a83cc0c4c4771deba5b5c1a9ff	1776380	1772609061	12200	XEQTBRS3uFaUzqkYM7i7yy1e8CvKCBqDKZk42ePxHRdFCPAdSbgfbsi94N8sSAcHurcqowBEwEivbc3KTBudokK73Pje3GXZmg	1220000000		1
b42570a8a98140f44a3a8d57a65146b6c5333945c64f2352761f19157947d944	1776383	1772609255	10000	XEQTQwMg1F2ASHrykGehGQ7Ti9MCMQ9sX37pg541WWZZWmjUT7YBKKMSFH8sUj5AuMN4Dpi7ynFZPJ31ZfBdeTtq8rqAQaatw8	1000000000		1
3834b434a9eadb072376b78bc7bc0eca3ea66a644e3f0a758b4b283c96f1f903	1776406	1772612141	100000	XEQTBRS3uFaUzqkYM7i7yy1e8CvKCBqDKZk42ePxHRdFCPAdSbgfbsi94N8sSAcHurcqowBEwEivbc3KTBudokK73Pje3GXZmg	10000000000		1
e1033304323cec6ae173f3c1942fd59e1af3db6b9fb894bad3cf2affbbbda9a7	1776418	1772613459	333300	XEQTAgdjZBLWVyxbj2hshQdB1X3AStSVKW2sUfbEo4gL3Rp7mt9Nqk2LKr5jeNJMsiaFdosiSgZEmHe8bbpgugvZ2LsHfAZj5T	33330000000		1
aeccaef2385265d643e583304cbfdabf9e515c69f108ad9b86310e651a4bfafb	1776439	1772615996	10940	XEQT9n7iTqTZaVRHvaJF4JP9qdXmg1eYLi4GQ3rW2VKai7QUHpT8Jx5XCzqcLypnBu4nFtvX1dxaSHRrkoWs5RFy9GiQd91pDh	1094000000		1
e91103d8ff30169d9759cde9ae283b18e58e4a5355ab4d0eb2f520ebcea90bd2	1776462	1772618434	11100	XEQTBRS3uFaUzqkYM7i7yy1e8CvKCBqDKZk42ePxHRdFCPAdSbgfbsi94N8sSAcHurcqowBEwEivbc3KTBudokK73Pje3GXZmg	1110000000		1
27892db430921db39f74568165a5a8a50564a931b31971d88f47a69200c63a61	1776492	1772622413	53300	XEQTBRS3uFaUzqkYM7i7yy1e8CvKCBqDKZk42ePxHRdFCPAdSbgfbsi94N8sSAcHurcqowBEwEivbc3KTBudokK73Pje3GXZmg	5330000000		1
32e3e0cf664577e472cb5f271b2c1b995554ec643fb32dcb688b4575a5ecac1b	1776499	1772623257	37500	XEQTAgdjZBLWVyxbj2hshQdB1X3AStSVKW2sUfbEo4gL3Rp7mt9Nqk2LKr5jeNJMsiaFdosiSgZEmHe8bbpgugvZ2LsHfAZj5T	3750000000		1
6546c1252fd848ed78a0f303aa2dbb01586f83eccc942b2e297e404a617e9e84	1776560	1772631185	11000	XEQTBRS3uFaUzqkYM7i7yy1e8CvKCBqDKZk42ePxHRdFCPAdSbgfbsi94N8sSAcHurcqowBEwEivbc3KTBudokK73Pje3GXZmg	1100000000		1
bc8ec6e0d91d4df44ca8c4c123ab154505ccb086c9131cbf307f418a25b67280	1776573	1772632377	17010	XEQTYYbKgTMTPU74G3kDDVUkXNtXnbkiKbkZjdNRGV1k1djP2ddihAvPv8w1X7owSzGRcxeUB15mGHUoEUMPvdJA9HPi9f22jV	1701000000		1
e1c15427176205ab7fe573e5028e212ad493f03f12980fb7cbad3d27d3d8fe55	1776604	1772636862	12040	XEQTafzp6StA8YJrEbWX38CjWhLVQsqRJ1P85n1t9NDjAfFxqXSYNWxMwjEz9SdHuRPg3mhszf5BRTKCdahNeuwa6FjnAHzWUW	1204000000		1
dd5ae34fb2bfa190a64f6eedc033854a88dd8a462c4f77710825bceee87c6c7d	1776628	1772638666	22200	XEQTZ1Dukpqex8iJA8HHWtPDzzqqa7dVW1Swhq252bkUZtLwN1AuuMf2Zu5dfcH8p3j7sfRN9234S1Lvkns6kHtY3Kd6tYD4RD	2220000000		1
4fe3c389121aba7b6fdde27134b8c658b57238d58c5977b7a65d7453bb96efe2	1776634	1772639955	10000	XEQTBRS3uFaUzqkYM7i7yy1e8CvKCBqDKZk42ePxHRdFCPAdSbgfbsi94N8sSAcHurcqowBEwEivbc3KTBudokK73Pje3GXZmg	1000000000		1
017d3f9fa4e4d3e52f7706d3517d7ce5244c6b2dd3b0a28b7eab6eaffdeceaed	1776642	1772640552	1000000	XEQTBRS3uFaUzqkYM7i7yy1e8CvKCBqDKZk42ePxHRdFCPAdSbgfbsi94N8sSAcHurcqowBEwEivbc3KTBudokK73Pje3GXZmg	100000000000		1
3e415bd48243e6c8729a00ef07c02af1be17799b073c414dd4e8945c427e9a00	1776648	1772641181	10123	XEQTSg8i9eMegiL5jcEtsZ7L1pq2Viv3kCjDejxz9PF3TamQ2WM6iZ3WfAWBGxhQMfZjtefa415DV5c3ZgeYQZfT4dY8LizRWT	1012300000		1
2e6e3a0122985dfb977c550eb4495531232534767dd69143c9ab01147d610ef7	1776662	1772642826	10235	XEQTKHvRUR5T23Y8wpr6W8CTpSUBQjrQHLYebrkBC1meZFPqQFeXqPW6yS94zafSU4h6vQ9zFnMY4gLRRvFmjhUK4t5w4XXss4	1023500000		1
eac0623cf91067ba65655a103526b1c015edde859cb519a4fe818d653de618e0	1776666	1772643385	19900	XEQTBRS3uFaUzqkYM7i7yy1e8CvKCBqDKZk42ePxHRdFCPAdSbgfbsi94N8sSAcHurcqowBEwEivbc3KTBudokK73Pje3GXZmg	1990000000		1
923de6711e0d1f3acaa75ffbed248dfa1d9a8f5b34b078d086773f47e18d2b90	1776667	1772643681	1000000	XEQTb6RHokAK7E2H14GTr63uY9gQM2FW9F3QW9rt9TgRYHH2dLj19K5bzix4KdY1hxJrMvaEvZgMrWuid5VSoWzK3i5mFpiPZm	100000000000		1
124dba81601852917c3713c8190d7e69590fede9b159f7236a059a7f5cd4d8d0	1776676	1772644760	10346	XEQTPJbCW4WfLxHHXmoc6EPg9ZP25MTEmJDPNxfb3Qb3S8GKDmF2d8SQ145iGHSSvth7Yv1fTaWGnj8KrxsQyHY937AKZ14kDS	1034600000		1
bce50549e77531b9f29876d7d3f7469c28e23f54e2f35ee35573458041f118fc	1776677	1772645032	270000	XEQTBRS3uFaUzqkYM7i7yy1e8CvKCBqDKZk42ePxHRdFCPAdSbgfbsi94N8sSAcHurcqowBEwEivbc3KTBudokK73Pje3GXZmg	27000000000		1
8f5dc22cf76e73cb7e976e78cacdcaa1b7af53073b47bef2dd8c925e0cdaaa25	1776701	1772648083	11000	XEQTBRS3uFaUzqkYM7i7yy1e8CvKCBqDKZk42ePxHRdFCPAdSbgfbsi94N8sSAcHurcqowBEwEivbc3KTBudokK73Pje3GXZmg	1100000000		1
ae1053f0f6c57be7d5a6ffbaa5dce73b922989ede0b6477e1f6ba5c55e432316	1776701	1772648083	17010	XEQTYYbKgTMTPU74G3kDDVUkXNtXnbkiKbkZjdNRGV1k1djP2ddihAvPv8w1X7owSzGRcxeUB15mGHUoEUMPvdJA9HPi9f22jV	1701000000		1
471a763c3da53d62228b52843df6930e81c0f183caa986d108528a215ac3d537	1776708	1772649320	360000	XEQTBRS3uFaUzqkYM7i7yy1e8CvKCBqDKZk42ePxHRdFCPAdSbgfbsi94N8sSAcHurcqowBEwEivbc3KTBudokK73Pje3GXZmg	36000000000		1
a2ed4a28306c58de435b4a3ea04e51b77b66e07323679c998b97ced8ab9d17ba	1776734	1772652332	178220	XEQTKMhKnGDiL32yJP9jqBRxSY8DEpxgBFnJFN8nJvYremVeVmdUVxv8W19eBhM4igHqHKyjd8qDMKdyZsLNWMf9AHicfU4TtN	17822000000		1
43dfff2719368b8b0e875faee4b4ed887919ecc32e8dd658e1d8ff7e555c57ce	1776737	1772652514	10000	XEQTLXUonNKU2WsQWqspFDg3fNhLqDabMQXANRizMMNTVEHUFUrg4LNRFm532Ztrqx25Hm1CDQiNxh4ZiQahodCB1dJLhbRTGP	1000000000		1
be4cdbd71c852f927e72a944c600266c96828eeaedbf53ae269137fbe50ec757	1776767	1772656658	10000	XEQTBRS3uFaUzqkYM7i7yy1e8CvKCBqDKZk42ePxHRdFCPAdSbgfbsi94N8sSAcHurcqowBEwEivbc3KTBudokK73Pje3GXZmg	1000000000		1
445c56f7be699e8d9b2f45f105356689e3a66a6d9092e19f7dbab90f1b90b6d1	1776805	1772660770	20000	XEQTK2Hrh5VVpKroLw8c2BSChi8sCBX6nGYcLmtF7w584fkfbVg7jNCLJTEStj8GhudtYT93JDcmv4pYCPXGbdvt7Rj5VFSSAP	2000000000		1
c0cb02ea10d10ff0a1147ef8f2fa6cce1876325ae7fedcb76e70c810dcb63065	1776808	1772661249	171700	XEQTBRS3uFaUzqkYM7i7yy1e8CvKCBqDKZk42ePxHRdFCPAdSbgfbsi94N8sSAcHurcqowBEwEivbc3KTBudokK73Pje3GXZmg	17170000000		1
a4ab8b16ea494a5d3b0c09367c7efc1c16d92b567163e254c959528d734fd434	1776814	1772661567	15000	XEQTKZtKMUzQHmfEkcHspEWQ8yerv6X25Ywpawmqq1xqZTxB6sn51gLAjaXbSsLQjw4vQ4k4gTGBs4MZvF5mVA221yirYdi1sB	1500000000		1
b565435668706d0ecffa9aa54bf947e3f493256f2714664f219da24c10e8279c	1776825	1772663014	110000	XEQTKZtKMUzQHmfEkcHspEWQ8yerv6X25Ywpawmqq1xqZTxB6sn51gLAjaXbSsLQjw4vQ4k4gTGBs4MZvF5mVA221yirYdi1sB	11000000000		1
892a744c0fa0eb0b389dea4f4a69949216c99bf650dccdd20c84227f6e441260	1776910	1772672994	20000	XEQTBRS3uFaUzqkYM7i7yy1e8CvKCBqDKZk42ePxHRdFCPAdSbgfbsi94N8sSAcHurcqowBEwEivbc3KTBudokK73Pje3GXZmg	2000000000		1
2b437b99cff62896f8e2788e5988b911e37b9de5a4ee0a7fdf30ebfae09f50fe	1776912	1772673253	20000	XEQTBRS3uFaUzqkYM7i7yy1e8CvKCBqDKZk42ePxHRdFCPAdSbgfbsi94N8sSAcHurcqowBEwEivbc3KTBudokK73Pje3GXZmg	2000000000		1
9a7cc38a29da2fea6dd6a1cbb98ab630103f863ce65627eb3cd5ae70876d065e	1776922	1772674380	10450	XEQTBRS3uFaUzqkYM7i7yy1e8CvKCBqDKZk42ePxHRdFCPAdSbgfbsi94N8sSAcHurcqowBEwEivbc3KTBudokK73Pje3GXZmg	1045000000		1
6702bdffd15734d36719b33c905c55c75a5011d92b05c525de5a99845f5b8ccb	1777012	1772684754	10123	XEQTGPpdiuLNxAhCMxCf4NT8MDapz4fds7VwWBebqA9QPQFgPfXjbjGVRuHrWqfxRyDgyKfdwKUTKNycP5DA19E226XU4cxCHD	1012300000		1
d4f71c136fd63c5d52a6f68c10a6ffb07592f6f4a3e1d3a9e4108aeeffbeb828	1777090	1772694475	30000	XEQTQwMg1F2ASHrykGehGQ7Ti9MCMQ9sX37pg541WWZZWmjUT7YBKKMSFH8sUj5AuMN4Dpi7ynFZPJ31ZfBdeTtq8rqAQaatw8	3000000000		1
d8809a415e6dd5040d3aa88a9561d68c5f37e639029e26f8583384242f45dc0d	1777177	1772704877	389000	XEQTBRS3uFaUzqkYM7i7yy1e8CvKCBqDKZk42ePxHRdFCPAdSbgfbsi94N8sSAcHurcqowBEwEivbc3KTBudokK73Pje3GXZmg	38900000000		1
4168a4262784139821c3988ddf1c5b4026183ffb03e06e011ee849b854c063e3	1777207	1772708505	50000	XEQTUGnf3vCDQ7vNzMDBZAY3ojph8Jz51WbyQ9yDfADhZ4iBqsQKAAvWSbKJD8VtHyXGdpZNbXMNocGCDGqG6c548ffEkWdJEa	5000000000		1
0cbab99d175a01e06a820180bd933b58730bcd417f5006e4c3f97efc50721a35	1777286	1772718543	450000	XEQT8S8DWm41KYMU6zzJ7DNEmpfN8dnSLUckCr9TRtRLWzG4Re6XrdjCy1dWUzaNHNiwpJ6uhknbz74EDzvANGod22btGg5eNK	45000000000		1
592084e8039312d3ab183feb913cddadd69d910c6bb3f090388e9253edb61b8e	1777314	1772721805	237500	XEQTCcPmn7rUpfV2Vb66HPhmvtF73mn2fUhcjEbERZ9KYn5U52TSEKV2GSsw5xHj1mRACQcq8sxwBiaEnf2XqAAn8jseqAkE8b	23750000000		1
16a649353d5e417ac09b979cc9a80c2ee6fb642986df5b247e1e703eab10bb11	1777337	1772724968	10000	XEQTUVjQLsGGr6Kt3SWgrKSgK2mcZPrM152BkNnNP5h1fsZV6VPFAKV9cY1AS7Y9wVhuz23Ykop8M8SLo74oout91B1RcVdp7t	1000000000		1
931b8274a025e25a23dde9a68f6527bfc0292e747f3ea93b0835ea291f9ed4f5	1777392	1772730836	100000	XEQTUVjQLsGGr6Kt3SWgrKSgK2mcZPrM152BkNnNP5h1fsZV6VPFAKV9cY1AS7Y9wVhuz23Ykop8M8SLo74oout91B1RcVdp7t	10000000000		1
104db112f62217839380d47bd12551dcb68d39479c6dfa892e6bc2ad091f0206	1777406	1772732157	299920	XEQTKMhKnGDiL32yJP9jqBRxSY8DEpxgBFnJFN8nJvYremVeVmdUVxv8W19eBhM4igHqHKyjd8qDMKdyZsLNWMf9AHicfU4TtN	29992000000		1
e8d1d9beea41081fdcc5b01cddcf6fa4f616a90e4a5977ee19c7a592b0c397a6	1777414	1772733685	20000	XEQTWnEz3N1eEDrncTPxsG2L6s47hKx5vVR4H3pabWsiSYRKM3tEDbYJ4ySkfYSrDLgVi4CzccFV2bYDFur6XRw73pzX8bDjDk	2000000000		1
ed485f72ac1c2fb840ae3c172327f397e71a3ff3b2522060828f7f3f80c0a17e	1777455	1772738376	90000	XEQTWnEz3N1eEDrncTPxsG2L6s47hKx5vVR4H3pabWsiSYRKM3tEDbYJ4ySkfYSrDLgVi4CzccFV2bYDFur6XRw73pzX8bDjDk	9000000000		1
242737638cb5bdd28680c898fb2377ba46678a0d083c1232f8fb90c83a812c0b	1777476	1772741103	11230	XEQTFbEoNpoPqtihtV29hoJfqbwHTpSMME4FdhkMgKDoP6Gg8CY8XHgJuMDifaVYGgM9Ygj88aQaqHE3ncA49bWZ1QV5AHbTim	1123000000		1
3a229c3d865b8ad3d215f83c78f073294e7f19d158c320ce602560e67c439bfd	1777514	1772745417	200000	XEQTBRS3uFaUzqkYM7i7yy1e8CvKCBqDKZk42ePxHRdFCPAdSbgfbsi94N8sSAcHurcqowBEwEivbc3KTBudokK73Pje3GXZmg	20000000000		1
8168749aff78db1b64d96c21c0e285b4a2d96e3d1ff3b8fea703ccbdbdf6888d	1777539	1772748347	10940	XEQT9n7iTqTZaVRHvaJF4JP9qdXmg1eYLi4GQ3rW2VKai7QUHpT8Jx5XCzqcLypnBu4nFtvX1dxaSHRrkoWs5RFy9GiQd91pDh	1094000000		1
2965a27c573802c3fb5219fa1abffc27d97876370604d4b63d034d695a264510	1777577	1772754087	10000	XEQTBRS3uFaUzqkYM7i7yy1e8CvKCBqDKZk42ePxHRdFCPAdSbgfbsi94N8sSAcHurcqowBEwEivbc3KTBudokK73Pje3GXZmg	1000000000		1
d74c126d28769a064f926986938bbbe80e1db41c91045fad84aa17ecb858689e	1777577	1772754087	90000	XEQTLZcPrmP9JpoKnEvvE2Hg6cDsa8PXmPaLhrWRDyeHcitjUVUNTMmCYsHaTAWqSm1GK2oTzsLve2mwy1m5jsGi9dxuikTxhm	9000000000		1
8fac97404b3b4c5dcb1978b6af65462b42b82f5a946647564bb4ca3dd2014777	1777604	1772756593	355000	XEQT8S8DWm41KYMU6zzJ7DNEmpfN8dnSLUckCr9TRtRLWzG4Re6XrdjCy1dWUzaNHNiwpJ6uhknbz74EDzvANGod22btGg5eNK	35500000000		1
f7eacd2b3bba6e8ff48d71be714a803b3488dc4061fb7688801e0681095dc688	1777672	1772764817	19940	XEQTBRS3uFaUzqkYM7i7yy1e8CvKCBqDKZk42ePxHRdFCPAdSbgfbsi94N8sSAcHurcqowBEwEivbc3KTBudokK73Pje3GXZmg	1994000000		1
8467071328580d9b7a3682d614c325a76e8ca65c58a70cffd04b39357fbd022c	1777761	1772775733	10000	XEQTUVjQLsGGr6Kt3SWgrKSgK2mcZPrM152BkNnNP5h1fsZV6VPFAKV9cY1AS7Y9wVhuz23Ykop8M8SLo74oout91B1RcVdp7t	1000000000		1
7ff6b7e8a013881bf6d0668ab6e70c46a1622db3607f4a4e9dc6ecba79d7ef7f	1777841	1772784859	20000	XEQTUGnf3vCDQ7vNzMDBZAY3ojph8Jz51WbyQ9yDfADhZ4iBqsQKAAvWSbKJD8VtHyXGdpZNbXMNocGCDGqG6c548ffEkWdJEa	2000000000		1
f7b9e89136fc4fb998e336db35658480c32451a6ea5e734c86f73fc3a03fe7fa	1777858	1772787208	10000	XEQTBRS3uFaUzqkYM7i7yy1e8CvKCBqDKZk42ePxHRdFCPAdSbgfbsi94N8sSAcHurcqowBEwEivbc3KTBudokK73Pje3GXZmg	1000000000		1
ccddf84d9b812f2cca0a6b46433918d34153c31c64982081e90a738fe552d866	1777861	1772787572	10000	XEQTAt4BmU38gr8R1A5GvdMxdgwKnKfnxE4ATXDCM5HJCPuU6dYKaxeTcqb4wrqoyr9pvQVfGrnp8fs8Np3Hk5A854chHjJhPS	1000000000		1
beb23b2d3e21c10388018b12cade62ba9055a9ccb05c20ed05e7f10a0b1123e3	1777957	1772799011	10000	XEQTBRS3uFaUzqkYM7i7yy1e8CvKCBqDKZk42ePxHRdFCPAdSbgfbsi94N8sSAcHurcqowBEwEivbc3KTBudokK73Pje3GXZmg	1000000000		1
392aff41d8b5cfda416846ce875f8422c85f69b5b013acbee2660069c3496d4c	1778058	1772810981	11000	XEQTBRS3uFaUzqkYM7i7yy1e8CvKCBqDKZk42ePxHRdFCPAdSbgfbsi94N8sSAcHurcqowBEwEivbc3KTBudokK73Pje3GXZmg	1100000000		1
18d24d8d655ca94c1bbc54753b5a49a641a997f4c2d9492887170d767f6b6eab	1778103	1772815609	13333	XEQTBRS3uFaUzqkYM7i7yy1e8CvKCBqDKZk42ePxHRdFCPAdSbgfbsi94N8sSAcHurcqowBEwEivbc3KTBudokK73Pje3GXZmg	1333300000		1
f6215449e10f20a87d1064b29ce0a78eeaadf9576f16b645702e88248769606d	1778172	1772824892	13060	XEQTafzp6StA8YJrEbWX38CjWhLVQsqRJ1P85n1t9NDjAfFxqXSYNWxMwjEz9SdHuRPg3mhszf5BRTKCdahNeuwa6FjnAHzWUW	1306000000		1
f80bb2128f4fe9cd12ecd7166755eb2c235c79abc976b09d6dcfe08f270c5f9d	1778188	1772826566	14060	XEQTafzp6StA8YJrEbWX38CjWhLVQsqRJ1P85n1t9NDjAfFxqXSYNWxMwjEz9SdHuRPg3mhszf5BRTKCdahNeuwa6FjnAHzWUW	1406000000		1
